{
    "type": "object",
    "title": "Enchantment",
    "properties": {
        "description": {
            "type": "string",
            "title": "Description"
        },
        "exclusive_set": {
            "type": "string",
            "title": "Exclusive Set",
            "x-enum-source": "enchantments",
            "x-multiselect": true,
            "default": [""]
        },
        "supported_items": {
            "type": "string",
            "title": "Supported Items",
            "x-enum-source": "items",
            "x-multiselect": true,
            "default": [""]
        },
        "primary_items": {
            "type": "string",
            "title": "Primary Items",
            "x-enum-source": "items",
            "x-multiselect": true,
            "default": [""]
        },
        "weight": {
            "type": "integer",
            "title": "Weight",
            "minimum": 1,
            "maximum": 1024,
            "default": 1
        },
        "max_level": {
            "type": "integer",
            "title": "Max Level",
            "minimum": 1,
            "maximum": 255,
            "default": 1
        },
        "min_cost": {
            "type": "object",
            "title": "Minimum Cost",
            "properties": {
                "base": {
                    "type": "integer",
                    "title": "Base",
                    "minimum": 0,
                    "maximum": 20000,
                    "default": 1
                },
                "per_level_above_first": {
                    "type": "integer",
                    "title": "Per Level Above First",
                    "minimum": 0,
                    "maximum": 20000,
                    "default": 1
                }
            }
        },
        "max_cost": {
            "type": "object",
            "title": "Maximum Cost",
            "properties": {
                "base": {
                    "type": "integer",
                    "title": "Base",
                    "minimum": 0,
                    "maximum": 20000,
                    "default": 1
                },
                "per_level_above_first": {
                    "type": "integer",
                    "title": "Per Level Above First",
                    "minimum": 0,
                    "maximum": 20000,
                    "default": 1
                }
            }
        },
        "anvil_cost": {
            "type": "integer",
            "title": "Anvil Cost",
            "minimum": 0,
            "maximum": 20000,
            "default": 1
        },
        "slots": {
            "type": "string",
            "title": "Slots",
            "enum": [
                "any",
                "hand",
                "mainhand",
                "offhand",
                "armor",
                "feet",
                "legs",
                "chest",
                "head",
                "body"
            ],
            "default": [""]
        },
        "effects": {
            "x-multiple-group": {
                "armor_effectiveness": {
                    "type": "object",
                    "title": "Armor Effectiveness",
                    "properties": {
                        
                    }
                }
            }
        }
    }
}